-- MySQL dump 10.13  Distrib 5.6.13, for osx10.8 (x86_64)
--
-- Host: localhost    Database: yourcashflowtest
-- ------------------------------------------------------
-- Server version	5.5.27

/*!40101 SET @OLD_CHARACTER_SET_CLIENT=@@CHARACTER_SET_CLIENT */;
/*!40101 SET @OLD_CHARACTER_SET_RESULTS=@@CHARACTER_SET_RESULTS */;
/*!40101 SET @OLD_COLLATION_CONNECTION=@@COLLATION_CONNECTION */;
/*!40101 SET NAMES utf8 */;
/*!40103 SET @OLD_TIME_ZONE=@@TIME_ZONE */;
/*!40103 SET TIME_ZONE='+00:00' */;
/*!40014 SET @OLD_UNIQUE_CHECKS=@@UNIQUE_CHECKS, UNIQUE_CHECKS=0 */;
/*!40014 SET @OLD_FOREIGN_KEY_CHECKS=@@FOREIGN_KEY_CHECKS, FOREIGN_KEY_CHECKS=0 */;
/*!40101 SET @OLD_SQL_MODE=@@SQL_MODE, SQL_MODE='NO_AUTO_VALUE_ON_ZERO' */;
/*!40111 SET @OLD_SQL_NOTES=@@SQL_NOTES, SQL_NOTES=0 */;

--
-- Table structure for table `account`
--

DROP TABLE IF EXISTS `account`;
/*!40101 SET @saved_cs_client     = @@character_set_client */;
/*!40101 SET character_set_client = utf8 */;
CREATE TABLE `account` (
  `id` int(11) NOT NULL AUTO_INCREMENT,
  `name` varchar(255) NOT NULL,
  `type` enum('income','expense','buffer','saving') NOT NULL,
  `currency` enum('RON','EUR') NOT NULL DEFAULT 'RON',
  PRIMARY KEY (`id`),
  UNIQUE KEY `name` (`name`)
) ENGINE=InnoDB AUTO_INCREMENT=55 DEFAULT CHARSET=utf8;
/*!40101 SET character_set_client = @saved_cs_client */;

--
-- Dumping data for table `account`
--

LOCK TABLES `account` WRITE;
/*!40000 ALTER TABLE `account` DISABLE KEYS */;
INSERT INTO `account` VALUES (1,'1-account','expense','RON'),(2,'2-account','expense','RON'),(3,'3-account','expense','RON'),(4,'4-account','expense','RON'),(5,'5-account','expense','RON'),(6,'6-account','expense','RON'),(7,'7-account','expense','RON'),(8,'8-account','expense','RON'),(9,'9-account','expense','RON'),(10,'10-account','expense','RON'),(11,'11-account','expense','RON'),(12,'12-account','expense','RON'),(13,'13-account','expense','RON'),(14,'14-account','expense','RON'),(31,'31-account','expense','RON'),(32,'32-account','expense','RON'),(33,'33-account','expense','RON'),(34,'34-account','expense','RON'),(35,'35-account','expense','RON'),(36,'36-account','expense','RON'),(37,'37-account','expense','RON'),(38,'38-account','expense','RON'),(39,'39-account','expense','RON'),(40,'40-account','expense','RON'),(41,'41-account','expense','RON'),(42,'42-account','expense','RON'),(43,'43-account','expense','RON'),(44,'44-account','expense','RON'),(45,'45-account','expense','RON'),(46,'46-account','expense','RON'),(47,'47-account','buffer','RON'),(48,'48-account','buffer','EUR'),(49,'49-account','buffer','RON'),(50,'50-account','income','RON'),(51,'51-account','expense','RON'),(52,'52-account','buffer','RON'),(53,'53-account','income','RON'),(54,'54-account','income','EUR');
/*!40000 ALTER TABLE `account` ENABLE KEYS */;
UNLOCK TABLES;

--
-- Table structure for table `balance`
--

DROP TABLE IF EXISTS `balance`;
/*!40101 SET @saved_cs_client     = @@character_set_client */;
/*!40101 SET character_set_client = utf8 */;
CREATE TABLE `balance` (
  `id` int(11) NOT NULL AUTO_INCREMENT,
  `id_account` int(11) NOT NULL,
  `month` date NOT NULL,
  `amount` decimal(10,2) NOT NULL,
  PRIMARY KEY (`id`),
  KEY `id_account` (`id_account`,`month`)
) ENGINE=InnoDB DEFAULT CHARSET=utf8;
/*!40101 SET character_set_client = @saved_cs_client */;

--
-- Dumping data for table `balance`
--

LOCK TABLES `balance` WRITE;
/*!40000 ALTER TABLE `balance` DISABLE KEYS */;
/*!40000 ALTER TABLE `balance` ENABLE KEYS */;
UNLOCK TABLES;

--
-- Table structure for table `merchant`
--

DROP TABLE IF EXISTS `merchant`;
/*!40101 SET @saved_cs_client     = @@character_set_client */;
/*!40101 SET character_set_client = utf8 */;
CREATE TABLE `merchant` (
  `id` int(11) NOT NULL AUTO_INCREMENT,
  `name` varchar(255) NOT NULL,
  `identifier` varchar(255) NOT NULL,
  `id_account` int(11) NOT NULL,
  PRIMARY KEY (`id`),
  UNIQUE KEY `identifier` (`identifier`)
) ENGINE=InnoDB AUTO_INCREMENT=64 DEFAULT CHARSET=latin1;
/*!40101 SET character_set_client = @saved_cs_client */;

--
-- Dumping data for table `merchant`
--

LOCK TABLES `merchant` WRITE;
/*!40000 ALTER TABLE `merchant` DISABLE KEYS */;
INSERT INTO `merchant` VALUES (1,'LIDL','LIDL',1),(2,'REBEALEX','REBEALEX',1),(3,'AUCHAN','AUCHAN',1),(4,'ONCOS','ONCOS',1),(5,'VICTOR\'S SPICES','VICTOR\'S SPICES',1),(6,'eMAG  Bucuresti','eMAG  Bucuresti',2),(7,'BAUMAX','BAUMAX',3),(8,'BLUE LIFE MED CENTER','BLUE LIFE MED CENTER',4),(9,'ANDREMIR SRL','ANDREMIR SRL',4),(10,'ELMAFARM SRL','ELMAFARM SRL',4),(11,'VITAFARM PLUS SRL','VITAFARM PLUS SRL',4),(12,'DONA 75','DONA 75',4),(13,'SENSIBLU CLUJ 8','SENSIBLU CLUJ 8',4),(14,'MARINOPOULOS COFFEE SRL','MARINOPOULOS COFFEE SRL',5),(15,'PANEMAR MORARIT SI PANI','PANEMAR MORARIT SI PANI',5),(16,'SALATE PANINI','SALATE PANINI',5),(17,'AL.VAIDA VOIEVOD  nr. 53-55','AL.VAIDA VOIEVOD  nr. 53-55',5),(18,'TYPEIT4ME','TYPEIT4ME',5),(19,'AUDIBLE.CO.UK','AUDIBLE.CO.UK',5),(20,'Amazon Services-Kindle','Amazon Services-Kindle',6),(21,'LINODE.COM','LINODE.COM',33),(22,'TEXTBROKER','TEXTBROKER',33),(23,'CIOCANA','CIOCANA',8),(24,'RO 52990213','RO 52990213',9),(25,'ORANGE WEBCARE','ORANGE WEBCARE',9),(26,'Practic BT','Practic BT',10),(27,'Rambursare principal credit','Rambursare principal credit',10),(28,'DIGICARE.RCS-RDS.RO','DIGICARE.RCS-RDS.RO',11),(29,'ELECTRICA','ELECTRICA',12),(30,'Comision procesare','Comision procesare',14),(31,'Nota corectie','Nota corectie',14),(32,'Comision','Comision',14),(33,'Abonament BT 24','Abonament BT 24',14),(34,'RETRAGERI ATM','Retragere',49),(35,'Necunoscut','unknown',31),(36,'Empire Flippers','EMPIRE FLIP',33),(37,'Ebay Flute Provider','EASYNET2012',5),(38,'STARBUCKS','STARBUCKS',5),(39,'FARMACIA NAPOFARM','NAPOFARM',4),(40,'CASS','RO61TREZ2162621050302XXX',34),(41,'CAS','RO34TREZ21622210312XXXXX',34),(42,'Restarant INDYGO','INDYGO',36),(44,'Impozit Venit','RO27TREZ21620030101XXXXX',34),(45,'Fostul Genta','TRATTORIA PINETA',37),(46,'VIAFARM SRL','VIAFARM SRL',4),(47,'Cheltuieli Bloc','cheltuieli bloc',40),(49,'Gumroad - video isha','GUMROAD',5),(52,'BOEMA','GRADINA DE VARA BOEMA',36),(53,'YUMMY YANG','YUMMY YANG',36),(54,'SENSIBLU POLUS','SENSIBLU CLUJ 12  FLORESTI',4),(55,'ALPHA ROCAS S.A. - AEROPORT BUC','ALPHA ROCAS S.A.',8),(56,'cheltuieli in chisinau','CHISINAU',8),(57,'Taxa Card Business','Procesare borderou;Taxa rapoarte',14),(58,'','DELUXE CARDS',42),(59,'AXA CONSULTING SRL','AXA CONSULTING SRL',4),(60,'COCCODRILLO','COCCODRILLO',4),(61,'SIEPCOFAR','SIEPCOFAR',4),(62,'','PAYPAL KERAMIKAKCA ',3),(63,'FARMACIE POLUS','FARMACIA ALMA',4);
/*!40000 ALTER TABLE `merchant` ENABLE KEYS */;
UNLOCK TABLES;

--
-- Table structure for table `transaction`
--

DROP TABLE IF EXISTS `transaction`;
/*!40101 SET @saved_cs_client     = @@character_set_client */;
/*!40101 SET character_set_client = utf8 */;
CREATE TABLE `transaction` (
  `id` int(11) NOT NULL AUTO_INCREMENT,
  `amount` float NOT NULL,
  `from_account` int(11) NOT NULL,
  `to_account` int(11) DEFAULT NULL,
  `description` varchar(255) NOT NULL,
  `transaction_date` date NOT NULL,
  `transaction_ref` varchar(255) NOT NULL,
  `modified_timestamp` timestamp NOT NULL DEFAULT CURRENT_TIMESTAMP,
  PRIMARY KEY (`id`),
  KEY `from_account` (`from_account`),
  KEY `to_account` (`to_account`)
) ENGINE=InnoDB AUTO_INCREMENT=388 DEFAULT CHARSET=utf8;
/*!40101 SET character_set_client = @saved_cs_client */;

--
-- Dumping data for table `transaction`
--

LOCK TABLES `transaction` WRITE;
/*!40000 ALTER TABLE `transaction` DISABLE KEYS */;
INSERT INTO `transaction` VALUES (2,2504,47,38,'2-description','2013-06-30','167EINT131800051','2013-08-04 10:14:57'),(3,2143,47,14,'3-description','2013-06-30','167EINT131800051','2013-08-04 10:14:57'),(4,2204,47,32,'4-description','2013-07-01','M13ATCW13182006S','2013-08-04 10:14:57'),(5,1592,47,14,'5-description','2013-07-01','M13ATCW13182006S','2013-08-04 10:14:57'),(6,2348,47,1,'6-description','2013-07-02','167NVPO1318300J8','2013-08-04 10:14:57'),(7,1964,47,4,'7-description','2013-07-02','E13ATCW1318300CA','2013-08-04 10:14:57'),(8,1778,47,14,'8-description','2013-07-02','E13ATCW1318300CA','2013-08-04 10:14:57'),(11,2000,47,3,'11-description','2013-07-03','167NVPO1318400IK','2013-08-04 10:14:57'),(13,1663,47,4,'13-description','2013-07-04','D13POSP131850007','2013-08-04 10:14:57'),(14,1317,47,4,'14-description','2013-07-05','167NVCW13186001K','2013-08-04 10:14:57'),(15,2594,47,14,'15-description','2013-07-05','167NVCW13186001K','2013-08-04 10:14:57'),(16,2023,47,5,'16-description','2013-07-06','D13ATCW13187001S','2013-08-04 10:14:57'),(17,1332,47,37,'17-description','2013-07-09','167NVPO1319000FO','2013-08-04 10:14:57'),(18,1592,47,4,'18-description','2013-07-11','167NVPO1319200GY','2013-08-04 10:14:57'),(21,2963,47,14,'21-description','2013-07-11','167EINT131920102','2013-08-04 10:14:57'),(22,1042,47,5,'22-description','2013-07-14','024POSP131960002','2013-08-04 10:14:57'),(23,1319,47,5,'23-description','2013-07-14','M13ATCW131960059','2013-08-04 10:14:57'),(24,2472,47,4,'24-description','2013-07-15','167NVPO1319600MC','2013-08-04 10:14:57'),(25,1404,47,5,'25-description','2013-07-16','E13ATCW13197004O','2013-08-04 10:14:57'),(26,2604,47,3,'26-description','2013-07-17','167NVPO1319800WQ','2013-08-04 10:14:57'),(27,1807,47,36,'27-description','2013-07-17','167NVPO1319800WS','2013-08-04 10:14:57'),(28,2224,47,32,'28-description','2013-07-17','167NVCW131980060','2013-08-04 10:14:57'),(29,2700,47,14,'29-description','2013-07-17','167NVCW131980060','2013-08-04 10:14:57'),(30,1829,47,39,'30-description','2013-07-18','167NVCW131990070','2013-08-04 10:14:57'),(31,2043,47,14,'31-description','2013-07-18','167NVCW131990070','2013-08-04 10:14:57'),(32,1732,47,4,'32-description','2013-07-19','167NVPO1320000I8','2013-08-04 10:14:57'),(33,1529,47,14,'33-description','2013-07-19','167n037132000574','2013-08-04 10:14:57'),(34,1449,47,5,'34-description','2013-07-19','M13ATCW13200000Y','2013-08-04 10:14:57'),(36,1661,47,34,'36-description','2013-07-19','167ETRZ132000202','2013-08-04 10:14:57'),(37,2957,47,14,'37-description','2013-07-19','167ETRZ132000202','2013-08-04 10:14:57'),(38,2803,47,14,'38-description','2013-07-19','167ETRZ132000203','2013-08-04 10:14:57'),(39,2144,47,34,'39-description','2013-07-19','167ETRZ132000203','2013-08-04 10:14:57'),(40,1312,47,14,'40-description','2013-07-19','167ETRZ132000156','2013-08-04 10:14:57'),(41,1127,47,34,'41-description','2013-07-19','167ETRZ132000156','2013-08-04 10:14:57'),(42,2702,47,5,'42-description','2013-07-20','D13ATCW13201002G','2013-08-04 10:14:57'),(46,1130,47,14,'46-description','2013-07-22','167EINT132030103','2013-08-04 10:14:57'),(47,2542,47,39,'47-description','2013-07-22','E13ATCW1320300EM','2013-08-04 10:14:57'),(48,2323,47,14,'48-description','2013-07-22','E13ATCW1320300EM','2013-08-04 10:14:57'),(49,2988,47,37,'49-description','2013-07-23','167NVPO13204014O','2013-08-04 10:14:57'),(50,2973,47,4,'50-description','2013-07-23','D13POSP132040015','2013-08-04 10:14:57'),(51,2902,47,41,'51-description','2013-07-25','066ATCW132060048','2013-08-04 10:14:57'),(52,2590,47,14,'52-description','2013-07-25','066ATCW132060048','2013-08-04 10:14:57'),(53,1246,47,5,'53-description','2013-07-25','E13ATCW132060017','2013-08-04 10:14:57'),(54,1459,47,4,'54-description','2013-07-25','033POSP13206005N','2013-08-04 10:14:57'),(55,2559,47,37,'55-description','2013-07-26','167NVPO13207007O','2013-08-04 10:14:57'),(56,1418,47,4,'56-description','2013-07-28','167POSP13210001H','2013-08-04 10:14:57'),(57,2414,47,36,'57-description','2013-07-28','D13POSP13210000V','2013-08-04 10:14:57'),(58,2816,47,14,'58-description','2013-07-29','167COMGRON 00001','2013-08-04 10:14:57'),(59,1837,47,5,'59-description','2013-07-30','E13ATCW13211008V','2013-08-04 10:14:57'),(60,1740,47,14,'60-description','2013-07-30','E13ATCW13211008V','2013-08-04 10:14:57'),(61,2189,47,14,'61-description','2013-07-31','167BT24130010495','2013-08-04 10:14:57'),(62,2725,47,37,'62-description','2013-07-31','167NVPO1321200NM','2013-08-04 10:14:57'),(63,2058,47,5,'63-description','2013-07-31','167NVPO132120106','2013-08-04 10:14:57'),(64,1114,47,37,'64-description','2013-07-31','167NVPO132120108','2013-08-04 10:14:57'),(66,2399,47,5,'66-description','2013-07-02','066NMPO13183007M','2013-08-04 10:14:57'),(67,1653,47,33,'67-description','2013-07-03','066NMPO1318400A8','2013-08-04 10:14:57'),(68,2068,47,11,'68-description','2013-07-03','066NMPO1318400AA','2013-08-04 10:14:57'),(70,2383,47,14,'70-description','2013-07-11','167EIIN131920007','2013-08-04 10:14:57'),(71,2712,47,6,'71-description','2013-07-13','066NMPO131940048','2013-08-04 10:14:57'),(72,1409,47,10,'72-description','2013-07-16','066ZTRF131970023','2013-08-04 10:14:57'),(73,1912,47,10,'73-description','2013-07-16','066ZTRF131970021','2013-08-04 10:14:57'),(74,2332,47,33,'74-description','2013-07-20','066NMPO13201004S','2013-08-04 10:14:57'),(75,2926,47,14,'75-description','2013-07-22','167EIIN132030053','2013-08-04 10:14:57'),(78,2635,47,14,'78-description','2013-07-22','000IACH13203A1AN','2013-08-04 10:14:57'),(79,1396,47,6,'79-description','2013-07-23','066NMPO1320400D0','2013-08-04 10:14:57'),(80,2077,47,6,'80-description','2013-07-23','066NMPO1320400DM','2013-08-04 10:14:57'),(81,1195,47,33,'81-description','2013-07-24','066NMPO132050052','2013-08-04 10:14:57'),(82,2745,47,12,'82-description','2013-07-25','066DI12132060005','2013-08-04 10:14:57'),(83,1141,47,6,'83-description','2013-07-26','066NMPO13207001W','2013-08-04 10:14:57'),(84,2471,47,14,'84-description','2013-07-31','066BT24130010594','2013-08-04 10:14:57'),(156,1932,47,5,'156-description','2013-08-02','E13ATCW13214008W','2013-10-27 15:57:40'),(157,1248,47,37,'157-description','2013-08-03','167NVPO13215009A','2013-10-27 15:57:40'),(160,1442,47,14,'160-description','2013-08-04','167EINT132170002','2013-10-27 15:57:40'),(161,2470,47,14,'161-description','2013-08-04','167EINT132170054','2013-10-27 15:57:40'),(163,1022,47,4,'163-description','2013-08-04','C31POSP13217001I','2013-10-27 15:57:40'),(164,2703,47,43,'164-description','2013-08-04','L13ATCW13217009T','2013-10-27 15:57:40'),(165,1448,47,14,'165-description','2013-08-04','L13ATCW13217009T','2013-10-27 15:57:40'),(166,2133,47,31,'166-description','2013-08-04','167POSP13217002T','2013-10-27 15:57:40'),(167,1320,47,5,'167-description','2013-08-05','013POSP13217009K','2013-10-27 15:57:40'),(168,1201,47,36,'168-description','2013-08-06','167NVPO1321800DU','2013-10-27 15:57:40'),(169,1046,47,37,'169-description','2013-08-07','167NVPO1321900V8','2013-10-27 15:57:40'),(170,2627,47,4,'170-description','2013-08-07','167NVPO1321900VA','2013-10-27 15:57:40'),(171,2998,47,4,'171-description','2013-08-08','I13ATCW13220007U','2013-10-27 15:57:40'),(172,2109,47,14,'172-description','2013-08-08','I13ATCW13220007U','2013-10-27 15:57:40'),(173,2552,47,36,'173-description','2013-08-09','B67POSP132210004','2013-10-27 15:57:40'),(174,1433,47,39,'174-description','2013-08-09','013ATCW132210165','2013-10-27 15:57:40'),(175,2508,47,14,'175-description','2013-08-09','013ATCW132210165','2013-10-27 15:57:40'),(176,1242,47,36,'176-description','2013-08-09','013ATCW132210166','2013-10-27 15:57:40'),(177,1687,47,4,'177-description','2013-08-11','B13POSP13224001G','2013-10-27 15:57:40'),(178,1708,47,39,'178-description','2013-08-12','167NVCW13224008G','2013-10-27 15:57:40'),(179,2482,47,14,'179-description','2013-08-12','167NVCW13224008G','2013-10-27 15:57:40'),(180,2286,47,4,'180-description','2013-08-13','167NVPO1322500WG','2013-10-27 15:57:40'),(181,2983,47,8,'181-description','2013-08-13','167NVCW132250062','2013-10-27 15:57:40'),(182,1059,47,8,'182-description','2013-08-13','167NVPO13225010K','2013-10-27 15:57:40'),(183,1346,47,14,'183-description','2013-08-13','167NVCW132250062','2013-10-27 15:57:40'),(184,2552,47,8,'184-description','2013-08-13','167NVCW132250064','2013-10-27 15:57:40'),(185,1725,47,14,'185-description','2013-08-13','167NVCW132250064','2013-10-27 15:57:40'),(186,1967,47,31,'186-description','2013-08-14','167NVPO1322600X8','2013-10-27 15:57:40'),(187,1659,47,8,'187-description','2013-08-14','167NVCW13226000A','2013-10-27 15:57:40'),(188,1398,47,14,'188-description','2013-08-14','167NVCW13226000A','2013-10-27 15:57:40'),(189,1013,47,9,'189-description','2013-08-15','167NVPO13228009O','2013-10-27 15:57:40'),(191,1872,47,44,'191-description','2013-08-18','066ATCW132310002','2013-10-27 15:57:40'),(192,1320,47,14,'192-description','2013-08-18','066ATCW132310002','2013-10-27 15:57:40'),(193,1985,47,36,'193-description','2013-08-18','B67POSP132310003','2013-10-27 15:57:40'),(194,2966,47,5,'194-description','2013-08-19','867ATCW13231008R','2013-10-27 15:57:40'),(195,1875,47,8,'195-description','2013-08-20','167NVPO1323200AC','2013-10-27 15:57:40'),(196,1476,47,5,'196-description','2013-08-21','013ATCW13233015T','2013-10-27 15:57:40'),(197,2756,47,14,'197-description','2013-08-21','013ATCW13233015T','2013-10-27 15:57:40'),(198,2354,47,5,'198-description','2013-08-22','013ATCW13234010C','2013-10-27 15:57:40'),(200,2501,47,42,'200-description','2013-08-24','066ATCW13236005O','2013-10-27 15:57:40'),(201,2443,47,14,'201-description','2013-08-24','066ATCW13236005O','2013-10-27 15:57:40'),(202,1713,47,42,'202-description','2013-08-24','066ATCW13236001Z','2013-10-27 15:57:40'),(203,2235,47,14,'203-description','2013-08-24','066ATCW13236001Z','2013-10-27 15:57:40'),(204,1037,47,31,'204-description','2013-08-26','167NVCW13238001K','2013-10-27 15:57:40'),(205,1482,47,14,'205-description','2013-08-26','167NVCW13238001K','2013-10-27 15:57:40'),(206,1299,47,14,'206-description','2013-08-29','167n0n2132410088','2013-10-27 15:57:40'),(207,1049,47,14,'207-description','2013-08-29','167COMGRON 00001','2013-10-27 15:57:40'),(208,2348,47,37,'208-description','2013-08-30','167NVPO132420016','2013-10-27 15:57:40'),(209,1593,47,14,'209-description','2013-08-31','167BT24130010495','2013-10-27 15:57:40'),(211,1921,47,33,'211-description','2013-08-03','066NMPO13215008K','2013-10-27 15:57:40'),(212,1828,47,11,'212-description','2013-08-03','066NMPO13215008M','2013-10-27 15:57:40'),(214,2376,47,14,'214-description','2013-08-04','167EIIN132170052','2013-10-27 15:57:40'),(215,1398,47,6,'215-description','2013-08-13','066NMPO132250002','2013-10-27 15:57:40'),(216,2864,47,5,'216-description','2013-08-13','066NMPO132250004','2013-10-27 15:57:40'),(217,1123,47,5,'217-description','2013-08-13','066NMPO132250006','2013-10-27 15:57:40'),(218,2026,47,5,'218-description','2013-08-13','066NMPO132250008','2013-10-27 15:57:40'),(219,1761,47,5,'219-description','2013-08-13','066NMPO13225000A','2013-10-27 15:57:40'),(220,1726,47,5,'220-description','2013-08-13','066NMPO13225000C','2013-10-27 15:57:40'),(221,2349,47,10,'221-description','2013-08-15','066ZTRF1322801CL','2013-10-27 15:57:40'),(222,1567,47,10,'222-description','2013-08-15','066ZTRF1322801CJ','2013-10-27 15:57:40'),(223,1788,47,12,'223-description','2013-08-30','066DI12132420102','2013-10-27 15:57:40'),(224,1240,47,14,'224-description','2013-08-31','066BT24130010594','2013-10-27 15:57:40'),(228,1837,47,14,'228-description','2013-09-06','167EINT132480025','2013-10-27 17:29:15'),(230,2466,47,14,'230-description','2013-09-06','167EINT132490207','2013-10-27 17:29:15'),(233,1821,47,14,'233-description','2013-09-06','167EINT132490208','2013-10-27 17:29:15'),(234,2706,47,45,'234-description','2013-09-06','167EACH132490008','2013-10-27 17:29:15'),(235,1068,47,14,'235-description','2013-09-06','167EACH132490008','2013-10-27 17:29:15'),(236,2220,47,4,'236-description','2013-09-06','066POSP13249004I','2013-10-27 17:29:15'),(237,2898,47,31,'237-description','2013-09-09','167NVCW132520008','2013-10-27 17:29:15'),(238,2832,47,14,'238-description','2013-09-09','167NVCW132520008','2013-10-27 17:29:15'),(239,2464,47,5,'239-description','2013-09-10','066ATCW13253000B','2013-10-27 17:29:15'),(240,2824,47,14,'240-description','2013-09-10','066ATCW13253000B','2013-10-27 17:29:15'),(241,1729,47,9,'241-description','2013-09-11','167NVPO1325400UO','2013-10-27 17:29:15'),(242,1174,47,4,'242-description','2013-09-11','167NVPO1325400UQ','2013-10-27 17:29:15'),(243,1684,47,5,'243-description','2013-09-12','E13ATCW13255007A','2013-10-27 17:29:15'),(244,1900,47,14,'244-description','2013-09-12','E13ATCW13255007A','2013-10-27 17:29:15'),(245,1446,47,43,'245-description','2013-09-14','M13ATCW1325700ET','2013-10-27 17:29:15'),(246,2532,47,14,'246-description','2013-09-14','M13ATCW1325700ET','2013-10-27 17:29:15'),(247,1323,47,4,'247-description','2013-09-14','B13POSP13257000G','2013-10-27 17:29:15'),(248,2017,47,5,'248-description','2013-09-14','024POSP13257004C','2013-10-27 17:29:15'),(249,1120,47,36,'249-description','2013-09-14','013POSP1325700BC','2013-10-27 17:29:15'),(250,2547,47,4,'250-description','2013-09-17','167NVPO1326000I0','2013-10-27 17:29:15'),(251,2377,47,3,'251-description','2013-09-17','167NVPO1326000I2','2013-10-27 17:29:15'),(252,1246,47,4,'252-description','2013-09-19','167NVPO132620090','2013-10-27 17:29:15'),(253,2098,47,3,'253-description','2013-09-20','167NVCW13263000A','2013-10-27 17:29:15'),(254,1751,47,14,'254-description','2013-09-20','167NVCW13263000A','2013-10-27 17:29:15'),(256,1462,47,14,'256-description','2013-09-22','167EINT132640121','2013-10-27 17:29:15'),(257,1056,47,14,'257-description','2013-09-24','167y197132670000','2013-10-27 17:29:15'),(258,1895,47,14,'258-description','2013-09-26','167n16d132690078','2013-10-27 17:29:15'),(261,1310,47,14,'261-description','2013-09-28','167EINT132710012','2013-10-27 17:29:15'),(262,1863,47,14,'262-description','2013-09-28','167COMGRON 00001','2013-10-27 17:29:15'),(263,2385,47,14,'263-description','2013-09-29','167BT24130010495','2013-10-27 17:29:15'),(265,1336,47,33,'265-description','2013-09-03','066NMPO1324600EA','2013-10-27 17:29:15'),(266,2528,47,11,'266-description','2013-09-04','066NMPO13247005Q','2013-10-27 17:29:15'),(268,1631,47,14,'268-description','2013-09-06','167EIIN132490003','2013-10-27 17:29:15'),(269,1571,47,14,'269-description','2013-09-06','167EIIN132490155','2013-10-27 17:29:15'),(271,1964,47,3,'271-description','2013-09-10','066NMPO13253007U','2013-10-27 17:29:15'),(272,2105,47,6,'272-description','2013-09-10','066NMPO13253007W','2013-10-27 17:29:15'),(273,1636,47,10,'273-description','2013-09-15','066ZTRF1325901CT','2013-10-27 17:29:15'),(274,2867,47,10,'274-description','2013-09-15','066ZTRF1325901CV','2013-10-27 17:29:15'),(275,2424,47,41,'275-description','2013-09-21','L13ATCW13264006H','2013-10-27 17:29:15'),(276,2521,47,14,'276-description','2013-09-21','L13ATCW13264006H','2013-10-27 17:29:15'),(278,2332,47,14,'278-description','2013-09-22','167EIIN132660003','2013-10-27 17:29:16'),(279,1099,47,5,'279-description','2013-09-23','M13ATCW1326600MK','2013-10-27 17:29:16'),(280,1501,47,14,'280-description','2013-09-23','M13ATCW1326600MK','2013-10-27 17:29:16'),(281,1207,47,12,'281-description','2013-09-24','066DI12132670056','2013-10-27 17:29:16'),(282,2534,47,5,'282-description','2013-09-24','066NMPO1326700D4','2013-10-27 17:29:16'),(283,2048,47,5,'283-description','2013-09-25','E13ATCW1326800BH','2013-10-27 17:29:16'),(284,1637,47,14,'284-description','2013-09-25','E13ATCW1326800BH','2013-10-27 17:29:16'),(285,1043,47,4,'285-description','2013-09-27','066EACH132690098','2013-10-27 17:29:16'),(286,1305,47,14,'286-description','2013-09-27','066EACH132690098','2013-10-27 17:29:16'),(288,2397,47,14,'288-description','2013-09-28','167EIIN132710006','2013-10-27 17:29:16'),(289,1071,47,36,'289-description','2013-09-28','C13POSP132710006','2013-10-27 17:29:16'),(290,1164,47,14,'290-description','2013-09-29','066BT24130010594','2013-10-27 17:29:16'),(291,1605,47,43,'291-description','2013-09-29','D13ATCW132730039','2013-10-27 17:29:16'),(292,1536,47,14,'292-description','2013-09-29','D13ATCW132730039','2013-10-27 17:29:16'),(293,1865,47,4,'293-description','2013-09-29','167POSP132730002','2013-10-27 17:29:16'),(294,1719,49,2,'294-description','2013-10-27','','2013-10-27 18:23:11'),(295,1998,49,46,'295-description','2013-10-27','','2013-10-27 18:23:11'),(296,1833,49,4,'296-description','2013-10-23','','2013-10-27 18:25:55'),(297,2174,49,46,'297-description','2013-10-23','','2013-10-27 18:25:55'),(334,2370,48,47,'334-description','2013-10-01','167EVST132740008','2013-11-17 18:24:13'),(336,2328,47,14,'336-description','2013-10-01','167EINT132740317','2013-11-17 18:24:13'),(337,1532,47,14,'337-description','2013-10-14','167EINT132870312','2013-11-17 18:24:13'),(340,1675,47,14,'340-description','2013-10-14','167EINT132870210','2013-11-17 18:24:13'),(341,2781,47,9,'341-description','2013-10-19','167NVPO1329200GK','2013-11-17 18:24:14'),(342,1881,47,49,'342-description','2013-10-21','M13ATCW13294017T','2013-11-17 18:24:14'),(343,2063,47,14,'343-description','2013-10-29','167COMGRON 00001','2013-11-17 18:24:14'),(344,1673,47,49,'344-description','2013-10-30','E13ATCW1330300H1','2013-11-17 18:24:14'),(345,1176,47,14,'345-description','2013-10-30','E13ATCW1330300H1','2013-11-17 18:24:14'),(346,1863,47,14,'346-description','2013-10-31','167BT24130010495','2013-11-17 18:24:14'),(347,2785,47,4,'347-description','2013-10-31','167NVPO1330400A4','2013-11-17 18:24:14'),(348,1339,47,37,'348-description','2013-10-31','167NVPO1330400A6','2013-11-17 18:24:14'),(349,1337,47,39,'349-description','2013-10-31','167NVCW13304004C','2013-11-17 18:24:14'),(350,1671,47,14,'350-description','2013-10-31','167NVCW13304004C','2013-11-17 18:24:14'),(351,1345,47,14,'351-description','2013-10-31','167n0b0133040598','2013-11-17 18:24:14'),(352,2712,47,49,'352-description','2013-10-31','267ATCW1330400BW','2013-11-17 18:24:14'),(353,2526,47,14,'353-description','2013-10-31','267ATCW1330400BW','2013-11-17 18:24:14'),(355,1493,52,6,'355-description','2013-10-01','066NMPO13274004Y','2013-11-17 18:24:14'),(356,2890,47,52,'356-description','2013-10-01','167EIIN132740072','2013-11-17 18:24:14'),(357,2970,52,14,'357-description','2013-10-01','167EIIN132740072','2013-11-17 18:24:14'),(358,1179,52,49,'358-description','2013-10-01','E13ATCW132740093','2013-11-17 18:24:14'),(359,1985,52,14,'359-description','2013-10-01','E13ATCW132740093','2013-11-17 18:24:14'),(360,1388,52,3,'360-description','2013-10-02','066NMPO132750002','2013-11-17 18:24:14'),(361,1987,52,4,'361-description','2013-10-02','066NMPO132750004','2013-11-17 18:24:14'),(362,2773,52,11,'362-description','2013-10-03','066NMPO13276002I','2013-11-17 18:24:14'),(363,2902,52,33,'363-description','2013-10-03','066NMPO13276002K','2013-11-17 18:24:14'),(364,1191,52,5,'364-description','2013-10-04','066NMPO132770064','2013-11-17 18:24:14'),(365,2250,52,6,'365-description','2013-10-05','066NMPO13278009I','2013-11-17 18:24:14'),(366,2678,52,49,'366-description','2013-10-05','066NMPO13278009K','2013-11-17 18:24:14'),(367,1641,52,49,'367-description','2013-10-05','D13ATCW13278005J','2013-11-17 18:24:14'),(368,1173,52,14,'368-description','2013-10-05','D13ATCW13278005J','2013-11-17 18:24:14'),(369,1940,52,4,'369-description','2013-10-12','B13POSP13285001J','2013-11-17 18:24:14'),(370,1183,47,52,'370-description','2013-10-14','167EIIN132870106','2013-11-17 18:24:14'),(371,1095,52,14,'371-description','2013-10-14','167EIIN132870106','2013-11-17 18:24:14'),(372,2928,52,10,'372-description','2013-10-16','066ZTRF13289002B','2013-11-17 18:24:14'),(373,2355,52,10,'373-description','2013-10-16','066ZTRF132890029','2013-11-17 18:24:14'),(374,1992,52,6,'374-description','2013-10-16','066NMPO13289001U','2013-11-17 18:24:14'),(375,1896,52,4,'375-description','2013-10-17','066NMPO13290002U','2013-11-17 18:24:14'),(376,2503,52,12,'376-description','2013-10-23','066DI12132960052','2013-11-17 18:24:14'),(377,1827,52,14,'377-description','2013-10-31','066BT24130010594','2013-11-17 18:24:14'),(378,2627,53,49,'378-description','2013-10-18','','2013-11-17 18:55:43'),(379,2653,49,5,'379-description','2013-10-01','added from ui','2013-11-17 21:37:15'),(380,2384,49,43,'380-description','2013-10-01','added from ui','2013-11-17 21:38:17'),(381,2962,49,4,'381-description','2013-10-01','added from ui','2013-11-17 21:39:31'),(382,2657,49,5,'382-description','2013-10-31','added from ui','2013-11-17 21:41:28'),(383,1403,49,36,'383-description','2013-10-21','added from ui','2013-11-17 21:43:54'),(384,2042,49,46,'384-description','2013-10-31','added from ui','2013-11-17 21:50:21'),(385,1004,49,40,'385-description','2013-10-30','added from ui','2013-11-19 06:44:49'),(386,1893,47,1,'386-description','2013-10-01','added from ui','2013-11-19 21:28:07'),(387,1453,54,48,'387-description','2013-10-10','','2013-11-22 18:58:45');
/*!40000 ALTER TABLE `transaction` ENABLE KEYS */;
UNLOCK TABLES;
/*!40103 SET TIME_ZONE=@OLD_TIME_ZONE */;

/*!40101 SET SQL_MODE=@OLD_SQL_MODE */;
/*!40014 SET FOREIGN_KEY_CHECKS=@OLD_FOREIGN_KEY_CHECKS */;
/*!40014 SET UNIQUE_CHECKS=@OLD_UNIQUE_CHECKS */;
/*!40101 SET CHARACTER_SET_CLIENT=@OLD_CHARACTER_SET_CLIENT */;
/*!40101 SET CHARACTER_SET_RESULTS=@OLD_CHARACTER_SET_RESULTS */;
/*!40101 SET COLLATION_CONNECTION=@OLD_COLLATION_CONNECTION */;
/*!40111 SET SQL_NOTES=@OLD_SQL_NOTES */;

-- Dump completed on 2013-11-24 20:00:38
